TESTNAME,RESULT,numLow,numHigh,visitNum
Neutrophils (%),48.6,40.5,75,1
Neutrophils (%),53,40.5,75,1
Neutrophils (%),45,40.5,75,1
Neutrophils (%),72.9,40.5,75,1
Neutrophils (%),67.4,40.5,75,1
Neutrophils (%),65.6,40.5,75,1
Neutrophils (%),64.2,40.5,75,1
Neutrophils (%),76.7,40.5,75,1
Neutrophils (%),50,40.5,75,1
Neutrophils (%),40.3,40.5,75,1
Neutrophils (%),53.9,40.5,75,1
Neutrophils (%),58,40.5,75,1
Neutrophils (%),68.4,40.5,75,1
Neutrophils (%),65.1,40.5,75,1
Neutrophils (%),69.9,40.5,75,1
Neutrophils (%),51.8,40.5,75,1
Neutrophils (%),68.7,40.5,75,1
Neutrophils (%),66.5,40.5,75,1
Neutrophils (%),49.9,40.5,75,1
Neutrophils (%),62.8,40.5,75,1
Neutrophils (%),66,40.5,75,1
Neutrophils (%),59.2,40.5,75,1
Neutrophils (%),49.2,40.5,75,1
Neutrophils (%),52.6,40.5,75,1
Neutrophils (%),63,40.5,75,1
Neutrophils (%),59.4,40.5,75,1
Neutrophils (%),46,40.5,75,1
Neutrophils (%),64,40.5,75,1
Neutrophils (%),59.7,40.5,75,1
Neutrophils (%),66.3,40.5,75,1
Neutrophils (%),35.3,40.5,75,1
Neutrophils (%),53.5,40.5,75,1
Neutrophils (%),50.9,40.5,75,1
Neutrophils (%),57.5,40.5,75,1
Neutrophils (%),60.1,40.5,75,1
Neutrophils (%),54,40.5,75,1
Neutrophils (%),48.2,40.5,75,1
Neutrophils (%),54.4,40.5,75,1
Neutrophils (%),55.6,40.5,75,1
Neutrophils (%),61,40.5,75,1
Neutrophils (%),70.1,40.5,75,1
Neutrophils (%),75.7,40.5,75,1
Neutrophils (%),64.7,40.5,75,1
Neutrophils (%),62.8,40.5,75,1
Neutrophils (%),64.2,40.5,75,1
Neutrophils (%),61.7,40.5,75,1
Neutrophils (%),64.3,40.5,75,1
Neutrophils (%),55.9,40.5,75,1
Neutrophils (%),66,40.5,75,1
Neutrophils (%),68.4,40.5,75,1
Neutrophils (%),65,40.5,75,1
Neutrophils (%),51.2,40.5,75,1
Neutrophils (%),50,40.5,75,1
Neutrophils (%),44,40.5,75,1
Neutrophils (%),56.6,40.5,75,1
Neutrophils (%),57.6,40.5,75,1
Neutrophils (%),58.8,40.5,75,1
Neutrophils (%),58.4,40.5,75,1
Neutrophils (%),71.2,40.5,75,1
Neutrophils (%),61.3,40.5,75,1
Neutrophils (%),71.5,40.5,75,1
Neutrophils (%),47.5,40.5,75,1
Neutrophils (%),61.6,40.5,75,1
Neutrophils (%),65.4,40.5,75,1
Neutrophils (%),61,40.5,75,1
Neutrophils (%),61.3,40.5,75,1
Neutrophils (%),71.1,40.5,75,1
Neutrophils (%),67.9,40.5,75,1
Neutrophils (%),66.6,40.5,75,1
Neutrophils (%),63.9,40.5,75,1
Neutrophils (%),59.8,40.5,75,1
Neutrophils (%),45.8,40.5,75,1
Neutrophils (%),67.9,40.5,75,1
Neutrophils (%),67.6,40.5,75,1
Neutrophils (%),65.6,40.5,75,1
Neutrophils (%),54.7,40.5,75,1
Neutrophils (%),61.2,40.5,75,1
Neutrophils (%),50.1,40.5,75,1
Neutrophils (%),42.8,40.5,75,1
Neutrophils (%),72.6,40.5,75,1
Neutrophils (%),61.6,40.5,75,1
Neutrophils (%),53.2,40.5,75,1
Neutrophils (%),71.8,40.5,75,1
Neutrophils (%),62.9,40.5,75,1
Neutrophils (%),72.9,40.5,75,1
Neutrophils (%),88.3,40.5,75,1
Neutrophils (%),55.9,40.5,75,1
Neutrophils (%),72.8,40.5,75,1
Neutrophils (%),62.7,40.5,75,1
Neutrophils (%),66.2,40.5,75,1
Neutrophils (%),71.6,40.5,75,1
Neutrophils (%),53.7,40.5,75,1
Neutrophils (%),59.7,40.5,75,1
Neutrophils (%),55.9,40.5,75,1
Neutrophils (%),71.5,40.5,75,1
Neutrophils (%),70,40.5,75,1
Neutrophils (%),61.6,40.5,75,1
Neutrophils (%),63.5,40.5,75,1
Neutrophils (%),66.6,40.5,75,1
Neutrophils (%),68.8,40.5,75,1
Neutrophils (%),49.7,40.5,75,1
Neutrophils (%),55.3,40.5,75,1
Neutrophils (%),63.1,40.5,75,1
Neutrophils (%),46.1,40.5,75,1
Neutrophils (%),53.4,40.5,75,1
Neutrophils (%),61.3,40.5,75,1
Neutrophils (%),60.5,40.5,75,1
Neutrophils (%),61.3,40.5,75,1
Neutrophils (%),78.8,40.5,75,1
Neutrophils (%),63.8,40.5,75,1
Neutrophils (%),73.7,40.5,75,1
Neutrophils (%),58,40.5,75,1
Neutrophils (%),65.8,40.5,75,1
Neutrophils (%),66.3,40.5,75,1
Neutrophils (%),63.2,40.5,75,1
Neutrophils (%),59.1,40.5,75,1
Neutrophils (%),70.4,40.5,75,1
Neutrophils (%),68.4,40.5,75,1
Neutrophils (%),53.7,40.5,75,1
Neutrophils (%),66,40.5,75,1
Neutrophils (%),65,40.5,75,1
Neutrophils (%),64.4,40.5,75,1
Neutrophils (%),57.8,40.5,75,1
Neutrophils (%),60.8,40.5,75,1
Neutrophils (%),69.3,40.5,75,1
Neutrophils (%),61.7,40.5,75,1
Neutrophils (%),68.6,40.5,75,1
Neutrophils (%),44.8,40.5,75,1
Neutrophils (%),58.8,40.5,75,1
Neutrophils (%),69.1,40.5,75,1
Neutrophils (%),51,40.5,75,1
Neutrophils (%),70.4,40.5,75,1
Neutrophils (%),59.5,40.5,75,1
Neutrophils (%),61.5,40.5,75,1
Neutrophils (%),54.1,40.5,75,1
Neutrophils (%),60,40.5,75,1
Neutrophils (%),57.6,40.5,75,1
Neutrophils (%),58.7,40.5,75,1
Neutrophils (%),57,40.5,75,1
Neutrophils (%),53.9,40.5,75,1
Neutrophils (%),62.7,40.5,75,1
Neutrophils (%),68,40.5,75,1
Neutrophils (%),63.3,40.5,75,1
Neutrophils (%),62.5,40.5,75,1
Neutrophils (%),53.9,40.5,75,1
Neutrophils (%),51,40.5,75,1
Neutrophils (%),60,40.5,75,1
Neutrophils (%),65.9,40.5,75,1
Neutrophils (%),40.1,40.5,75,1
Neutrophils (%),64.7,40.5,75,1
Neutrophils (%),56.1,40.5,75,1
Neutrophils (%),67,40.5,75,1
Neutrophils (%),52.5,40.5,75,1
Neutrophils (%),56,40.5,75,2
Neutrophils (%),54,40.5,75,2
Neutrophils (%),58.7,40.5,75,2
Neutrophils (%),49.9,40.5,75,2
Neutrophils (%),61.6,40.5,75,2
Neutrophils (%),56.5,40.5,75,2
Neutrophils (%),64.9,40.5,75,2
Neutrophils (%),75.9,40.5,75,2
Neutrophils (%),52.5,40.5,75,2
Neutrophils (%),58.8,40.5,75,2
Neutrophils (%),78.3,40.5,75,2
Neutrophils (%),72.8,40.5,75,2
Neutrophils (%),73.3,40.5,75,2
Neutrophils (%),44.4,40.5,75,2
Neutrophils (%),67.2,40.5,75,2
Neutrophils (%),59.5,40.5,75,2
Neutrophils (%),57.5,40.5,75,2
Neutrophils (%),69.6,40.5,75,2
Neutrophils (%),46.9,40.5,75,2
Neutrophils (%),60.2,40.5,75,2
Neutrophils (%),64.8,40.5,75,2
Neutrophils (%),67.6,40.5,75,2
Neutrophils (%),59,40.5,75,2
Neutrophils (%),59.1,40.5,75,2
Neutrophils (%),58.7,40.5,75,2
Neutrophils (%),55.2,40.5,75,2
Neutrophils (%),52,40.5,75,2
Neutrophils (%),58.8,40.5,75,2
Neutrophils (%),45.9,40.5,75,2
Neutrophils (%),53.1,40.5,75,2
Neutrophils (%),59.1,40.5,75,2
Neutrophils (%),71.6,40.5,75,2
Neutrophils (%),60.3,40.5,75,2
Neutrophils (%),69.8,40.5,75,2
Neutrophils (%),66.9,40.5,75,2
Neutrophils (%),71.7,40.5,75,2
Neutrophils (%),68.7,40.5,75,2
Neutrophils (%),53.6,40.5,75,2
Neutrophils (%),68.8,40.5,75,2
Neutrophils (%),63.3,40.5,75,2
Neutrophils (%),64.1,40.5,75,2
Neutrophils (%),50.1,40.5,75,2
Neutrophils (%),38.5,40.5,75,2
Neutrophils (%),66.7,40.5,75,2
Neutrophils (%),51.7,40.5,75,2
Neutrophils (%),56.1,40.5,75,2
Neutrophils (%),51.2,40.5,75,2
Neutrophils (%),47.7,40.5,75,2
Neutrophils (%),58.3,40.5,75,2
Neutrophils (%),68.5,40.5,75,2
Neutrophils (%),59.6,40.5,75,2
Neutrophils (%),41.2,40.5,75,2
Neutrophils (%),51.4,40.5,75,2
Neutrophils (%),64.7,40.5,75,2
Neutrophils (%),63.6,40.5,75,2
Neutrophils (%),66,40.5,75,2
Neutrophils (%),56.4,40.5,75,2
Neutrophils (%),51.2,40.5,75,2
Neutrophils (%),60.6,40.5,75,2
Neutrophils (%),58.3,40.5,75,2
Neutrophils (%),66.8,40.5,75,2
Neutrophils (%),52.7,40.5,75,2
Neutrophils (%),67.9,40.5,75,2
Neutrophils (%),63.8,40.5,75,2
Neutrophils (%),53.5,40.5,75,2
Neutrophils (%),57.3,40.5,75,2
Neutrophils (%),74.2,40.5,75,2
Neutrophils (%),54.9,40.5,75,2
Neutrophils (%),54.6,40.5,75,2
Neutrophils (%),61.4,40.5,75,2
Neutrophils (%),56.1,40.5,75,2
Neutrophils (%),59.7,40.5,75,2
Neutrophils (%),74.6,40.5,75,2
Neutrophils (%),59.6,40.5,75,2
Neutrophils (%),65,40.5,75,2
Neutrophils (%),60.3,40.5,75,2
Neutrophils (%),77.4,40.5,75,2
Neutrophils (%),58.9,40.5,75,2
Neutrophils (%),80.3,40.5,75,2
Neutrophils (%),49.3,40.5,75,2
Neutrophils (%),52.9,40.5,75,2
Neutrophils (%),59.7,40.5,75,2
Neutrophils (%),61.8,40.5,75,2
Neutrophils (%),70.4,40.5,75,2
Neutrophils (%),60,40.5,75,2
Neutrophils (%),59.6,40.5,75,2
Neutrophils (%),53.6,40.5,75,2
Neutrophils (%),64.1,40.5,75,2
Neutrophils (%),63.6,40.5,75,2
Neutrophils (%),63,40.5,75,2
Neutrophils (%),46.2,40.5,75,2
Neutrophils (%),52,40.5,75,2
Neutrophils (%),63,40.5,75,2
Neutrophils (%),60.1,40.5,75,2
Neutrophils (%),63.2,40.5,75,2
Neutrophils (%),62.4,40.5,75,2
Neutrophils (%),63.4,40.5,75,2
Neutrophils (%),60.2,40.5,75,2
Neutrophils (%),63.5,40.5,75,2
Neutrophils (%),67.1,40.5,75,2
Neutrophils (%),53.2,40.5,75,2
Neutrophils (%),68.7,40.5,75,2
Neutrophils (%),64.9,40.5,75,2
Neutrophils (%),64.8,40.5,75,2
Neutrophils (%),71.1,40.5,75,2
Neutrophils (%),55.3,40.5,75,2
Neutrophils (%),54,40.5,75,2
Neutrophils (%),65,40.5,75,2
Neutrophils (%),58.4,40.5,75,2
Neutrophils (%),67.3,40.5,75,2
Neutrophils (%),56.4,40.5,75,2
Neutrophils (%),55.9,40.5,75,2
Neutrophils (%),49,40.5,75,2
Neutrophils (%),53.7,40.5,75,2
Neutrophils (%),64.4,40.5,75,2
Neutrophils (%),61.9,40.5,75,2
Neutrophils (%),49.6,40.5,75,2
Neutrophils (%),66.4,40.5,75,2
Neutrophils (%),73.7,40.5,75,2
Neutrophils (%),61.2,40.5,75,2
Neutrophils (%),67.8,40.5,75,2
Neutrophils (%),54.3,40.5,75,2
Neutrophils (%),64,40.5,75,2
Neutrophils (%),63.7,40.5,75,2
Neutrophils (%),70.5,40.5,75,2
Neutrophils (%),57.7,40.5,75,2
Neutrophils (%),60.4,40.5,75,2
Neutrophils (%),67.7,40.5,75,2
Neutrophils (%),59.4,40.5,75,2
Neutrophils (%),73.5,40.5,75,2
Neutrophils (%),64,40.5,75,2
Neutrophils (%),55.5,40.5,75,2
Neutrophils (%),51.1,40.5,75,2
Neutrophils (%),61.9,40.5,75,2
Neutrophils (%),57.6,40.5,75,2
Neutrophils (%),61.1,40.5,75,2
Neutrophils (%),51,40.5,75,2
Neutrophils (%),57.8,40.5,75,2
Neutrophils (%),70.1,40.5,75,2
Neutrophils (%),63.1,40.5,75,2
Neutrophils (%),53.1,40.5,75,2
Neutrophils (%),56.2,40.5,75,2
Neutrophils (%),63,40.5,75,2
Neutrophils (%),57.4,40.5,75,2
Neutrophils (%),66.2,40.5,75,3
Neutrophils (%),62.7,40.5,75,3
Neutrophils (%),66.5,40.5,75,3
Neutrophils (%),50.2,40.5,75,3
Neutrophils (%),61.8,40.5,75,3
Neutrophils (%),48.4,40.5,75,4
Neutrophils (%),66.1,40.5,75,4
Neutrophils (%),70.2,40.5,75,4
Neutrophils (%),62.9,40.5,75,4
Neutrophils (%),64.2,40.5,75,4
Neutrophils (%),65.7,40.5,75,4
Neutrophils (%),45.4,40.5,75,4
Neutrophils (%),46.1,40.5,75,4
Neutrophils (%),50.4,40.5,75,4
Neutrophils (%),64,40.5,75,4
Neutrophils (%),52.8,40.5,75,4
Neutrophils (%),69.4,40.5,75,4
Neutrophils (%),51.5,40.5,75,4
Neutrophils (%),46.1,40.5,75,4
Neutrophils (%),70.8,40.5,75,4
Neutrophils (%),54,40.5,75,4
Neutrophils (%),59.1,40.5,75,4
Neutrophils (%),64.2,40.5,75,4
Neutrophils (%),66.5,40.5,75,4
Neutrophils (%),59.4,40.5,75,4
Neutrophils (%),66.7,40.5,75,4
Neutrophils (%),53.7,40.5,75,4
Neutrophils (%),65.4,40.5,75,4
Neutrophils (%),61.5,40.5,75,4
Neutrophils (%),68.7,40.5,75,4
Neutrophils (%),51,40.5,75,4
Neutrophils (%),48.6,40.5,75,4
Neutrophils (%),62,40.5,75,4
Neutrophils (%),49.3,40.5,75,4
Neutrophils (%),61,40.5,75,4
Neutrophils (%),49.2,40.5,75,4
Neutrophils (%),66.7,40.5,75,4
Neutrophils (%),62.3,40.5,75,4
Neutrophils (%),55,40.5,75,4
Neutrophils (%),54.8,40.5,75,4
Neutrophils (%),65.8,40.5,75,4
Neutrophils (%),59.3,40.5,75,4
Neutrophils (%),66,40.5,75,4
Neutrophils (%),58.4,40.5,75,4
Neutrophils (%),44.9,40.5,75,4
Neutrophils (%),63.6,40.5,75,4
Neutrophils (%),62.9,40.5,75,4
Neutrophils (%),68.6,40.5,75,4
Neutrophils (%),55.8,40.5,75,4
Neutrophils (%),54.2,40.5,75,4
Neutrophils (%),64.5,40.5,75,4
Neutrophils (%),72.6,40.5,75,4
Neutrophils (%),57.5,40.5,75,4
Neutrophils (%),53.8,40.5,75,4
Neutrophils (%),65.7,40.5,75,4
Neutrophils (%),58.6,40.5,75,4
Neutrophils (%),58.7,40.5,75,4
Neutrophils (%),52.3,40.5,75,4
Neutrophils (%),59.5,40.5,75,4
Neutrophils (%),75,40.5,75,4
Neutrophils (%),67.5,40.5,75,4
Neutrophils (%),63.5,40.5,75,4
Neutrophils (%),70.1,40.5,75,4
Neutrophils (%),60,40.5,75,4
Neutrophils (%),42.8,40.5,75,4
Neutrophils (%),57.2,40.5,75,4
Neutrophils (%),59.7,40.5,75,4
Neutrophils (%),62.3,40.5,75,4
Neutrophils (%),71.5,40.5,75,4
Neutrophils (%),47.4,40.5,75,4
Neutrophils (%),69,40.5,75,4
Neutrophils (%),60.5,40.5,75,4
Neutrophils (%),52.8,40.5,75,4
Neutrophils (%),69.3,40.5,75,4
Neutrophils (%),64.2,40.5,75,4
Neutrophils (%),66.1,40.5,75,4
Neutrophils (%),64.3,40.5,75,4
Neutrophils (%),61.1,40.5,75,4
Neutrophils (%),64.2,40.5,75,4
Neutrophils (%),68.1,40.5,75,4
Neutrophils (%),60.7,40.5,75,4
Neutrophils (%),57.5,40.5,75,4
Neutrophils (%),67.5,40.5,75,4
Neutrophils (%),51.4,40.5,75,4
Neutrophils (%),60.3,40.5,75,4
Neutrophils (%),53,40.5,75,4
Neutrophils (%),65.4,40.5,75,4
Neutrophils (%),63.5,40.5,75,4
Neutrophils (%),67.9,40.5,75,4
Neutrophils (%),54,40.5,75,4
Neutrophils (%),71.4,40.5,75,4
Neutrophils (%),64.5,40.5,75,4
Neutrophils (%),64.3,40.5,75,4
Neutrophils (%),52.5,40.5,75,4
Neutrophils (%),80.3,40.5,75,4
Neutrophils (%),70.4,40.5,75,4
Neutrophils (%),75.4,40.5,75,4
Neutrophils (%),65.4,40.5,75,4
Neutrophils (%),67.7,40.5,75,4
Neutrophils (%),56.4,40.5,75,4
Neutrophils (%),64.8,40.5,75,4
Neutrophils (%),63.5,40.5,75,4
Neutrophils (%),72.2,40.5,75,4
Neutrophils (%),58,40.5,75,4
Neutrophils (%),70.3,40.5,75,4
Neutrophils (%),57,40.5,75,4
Neutrophils (%),39.6,40.5,75,4
Neutrophils (%),52.3,40.5,75,4
Neutrophils (%),53.3,40.5,75,4
Neutrophils (%),59.9,40.5,75,4
Neutrophils (%),62.2,40.5,75,4
Neutrophils (%),55.1,40.5,75,4
Neutrophils (%),59.4,40.5,75,4
Neutrophils (%),70.7,40.5,75,4
Neutrophils (%),64.6,40.5,75,4
Neutrophils (%),79,40.5,75,4
Neutrophils (%),47.9,40.5,75,4
Neutrophils (%),55.2,40.5,75,4
Neutrophils (%),64.1,40.5,75,4
Neutrophils (%),55.8,40.5,75,4
Neutrophils (%),55.7,40.5,75,4
Neutrophils (%),53.1,40.5,75,4
Neutrophils (%),50.7,40.5,75,4
Neutrophils (%),58.9,40.5,75,4
Neutrophils (%),58,40.5,75,4
Neutrophils (%),43.6,40.5,75,4
Neutrophils (%),65,40.5,75,4
Neutrophils (%),65.5,40.5,75,4
Neutrophils (%),44.6,40.5,75,4
Neutrophils (%),66.3,40.5,75,4
Neutrophils (%),61.3,40.5,75,4
Neutrophils (%),60.6,40.5,75,4
Neutrophils (%),57.6,40.5,75,4
Neutrophils (%),63.5,40.5,75,4
Neutrophils (%),72.3,40.5,75,4
Neutrophils (%),61.2,40.5,75,4
Neutrophils (%),60.5,40.5,75,4
Neutrophils (%),62.7,40.5,75,4
Neutrophils (%),57.2,40.5,75,4
Neutrophils (%),60.5,40.5,75,4
Neutrophils (%),68.3,40.5,75,4
Neutrophils (%),67.2,40.5,75,4
Neutrophils (%),35.9,40.5,75,4
Neutrophils (%),61.4,40.5,75,4
Neutrophils (%),68.5,40.5,75,4
Neutrophils (%),48.2,40.5,75,4
Neutrophils (%),60.3,40.5,75,4
Neutrophils (%),65,40.5,75,5
Neutrophils (%),65.7,40.5,75,6
Neutrophils (%),62.5,40.5,75,6
Neutrophils (%),69.2,40.5,75,6
Neutrophils (%),62.5,40.5,75,6
Neutrophils (%),62.3,40.5,75,6
Neutrophils (%),64,40.5,75,6
Neutrophils (%),62.2,40.5,75,6
Neutrophils (%),56.4,40.5,75,6
Neutrophils (%),48.4,40.5,75,6
Neutrophils (%),48.9,40.5,75,6
Neutrophils (%),60.7,40.5,75,6
Neutrophils (%),62.4,40.5,75,6
Neutrophils (%),58.5,40.5,75,6
Neutrophils (%),50.5,40.5,75,6
Neutrophils (%),66.4,40.5,75,6
Neutrophils (%),59,40.5,75,6
Neutrophils (%),48.4,40.5,75,6
Neutrophils (%),64.4,40.5,75,6
Neutrophils (%),64.9,40.5,75,6
Neutrophils (%),53.1,40.5,75,6
Neutrophils (%),69.4,40.5,75,6
Neutrophils (%),70.5,40.5,75,6
Neutrophils (%),57.8,40.5,75,6
Neutrophils (%),63,40.5,75,6
Neutrophils (%),58.1,40.5,75,6
Neutrophils (%),65.7,40.5,75,6
Neutrophils (%),73.9,40.5,75,6
Neutrophils (%),64.6,40.5,75,6
Neutrophils (%),56,40.5,75,6
Neutrophils (%),67.5,40.5,75,6
Neutrophils (%),52,40.5,75,6
Neutrophils (%),58.5,40.5,75,6
Neutrophils (%),65.9,40.5,75,6
Neutrophils (%),47.9,40.5,75,6
Neutrophils (%),58,40.5,75,6
Neutrophils (%),71.6,40.5,75,6
Neutrophils (%),61.8,40.5,75,6
Neutrophils (%),62.6,40.5,75,6
Neutrophils (%),67.3,40.5,75,6
Neutrophils (%),66.2,40.5,75,6
Neutrophils (%),44.5,40.5,75,6
Neutrophils (%),73.3,40.5,75,6
Neutrophils (%),64.4,40.5,75,6
Neutrophils (%),58,40.5,75,6
Neutrophils (%),61.2,40.5,75,6
Neutrophils (%),63,40.5,75,6
Neutrophils (%),58.7,40.5,75,6
Neutrophils (%),67.9,40.5,75,6
Neutrophils (%),59.5,40.5,75,6
Neutrophils (%),37.6,40.5,75,6
Neutrophils (%),63.8,40.5,75,6
Neutrophils (%),58.4,40.5,75,6
Neutrophils (%),74.1,40.5,75,6
Neutrophils (%),51.4,40.5,75,6
Neutrophils (%),68.7,40.5,75,6
Neutrophils (%),63,40.5,75,6
Neutrophils (%),48.7,40.5,75,6
Neutrophils (%),51.1,40.5,75,6
Neutrophils (%),70,40.5,75,6
Neutrophils (%),65.4,40.5,75,6
Neutrophils (%),56.1,40.5,75,6
Neutrophils (%),57.1,40.5,75,6
Neutrophils (%),59,40.5,75,6
Neutrophils (%),75.1,40.5,75,6
Neutrophils (%),46,40.5,75,6
Neutrophils (%),68.6,40.5,75,6
Neutrophils (%),64.6,40.5,75,6
Neutrophils (%),55,40.5,75,6
Neutrophils (%),67.9,40.5,75,6
Neutrophils (%),64.1,40.5,75,6
Neutrophils (%),77.5,40.5,75,6
Neutrophils (%),55.3,40.5,75,6
Neutrophils (%),63.8,40.5,75,6
Neutrophils (%),66.5,40.5,75,6
Neutrophils (%),52.8,40.5,75,6
Neutrophils (%),77.2,40.5,75,6
Neutrophils (%),70.9,40.5,75,6
Neutrophils (%),63.1,40.5,75,6
Neutrophils (%),62.1,40.5,75,6
Neutrophils (%),61.7,40.5,75,6
Neutrophils (%),63.1,40.5,75,6
Neutrophils (%),63.4,40.5,75,6
Neutrophils (%),66.1,40.5,75,6
Neutrophils (%),59.5,40.5,75,6
Neutrophils (%),66,40.5,75,6
Neutrophils (%),65.9,40.5,75,6
Neutrophils (%),57.8,40.5,75,6
Neutrophils (%),51,40.5,75,6
Neutrophils (%),63.1,40.5,75,6
Neutrophils (%),54.7,40.5,75,6
Neutrophils (%),58.6,40.5,75,6
Neutrophils (%),70.4,40.5,75,6
Neutrophils (%),64.8,40.5,75,6
Neutrophils (%),46.2,40.5,75,6
Neutrophils (%),54,40.5,75,6
Neutrophils (%),52.9,40.5,75,6
Neutrophils (%),72.4,40.5,75,6
Neutrophils (%),69.6,40.5,75,6
Neutrophils (%),44.2,40.5,75,6
Neutrophils (%),62.2,40.5,75,6
Neutrophils (%),60.8,40.5,75,6
Neutrophils (%),55.2,40.5,75,6
Neutrophils (%),61.4,40.5,75,6
Neutrophils (%),55.9,40.5,75,6
Neutrophils (%),60.5,40.5,75,6
Neutrophils (%),61.6,40.5,75,6
Neutrophils (%),61.4,40.5,75,6
Neutrophils (%),46,40.5,75,6
Neutrophils (%),49.2,40.5,75,6
Neutrophils (%),57.2,40.5,75,6
Neutrophils (%),59.4,40.5,75,6
Neutrophils (%),46.5,40.5,75,6
Neutrophils (%),58.3,40.5,75,6
Neutrophils (%),53.9,40.5,75,6
Neutrophils (%),56.9,40.5,75,6
Neutrophils (%),52.7,40.5,75,6
Neutrophils (%),65.2,40.5,75,6
Neutrophils (%),67.6,40.5,75,6
Neutrophils (%),57.3,40.5,75,6
Neutrophils (%),63.5,40.5,75,6
Neutrophils (%),69.6,40.5,75,6
WBC,6.78,3.8,10.7,1
WBC,7.62,3.8,10.7,1
WBC,10.75,3.8,10.7,1
WBC,6.49,3.8,10.7,1
WBC,9.01,3.8,10.7,1
WBC,5.99,3.8,10.7,1
WBC,5.3,3.8,10.7,1
WBC,5.07,3.8,10.7,1
WBC,7,3.8,10.7,1
WBC,5.43,3.8,10.7,1
WBC,7.09,3.8,10.7,1
WBC,7.71,3.8,10.7,1
WBC,10.82,3.8,10.7,1
WBC,9.81,3.8,10.7,1
WBC,9.25,3.8,10.7,1
WBC,4.33,3.8,10.7,1
WBC,6.57,3.8,10.7,1
WBC,6.67,3.8,10.7,1
WBC,5.77,3.8,10.7,1
WBC,6.76,3.8,10.7,1
WBC,7.94,3.8,10.7,1
WBC,7.64,3.8,10.7,1
WBC,6.47,3.8,10.7,1
WBC,8.94,3.8,10.7,1
WBC,10.32,3.8,10.7,1
WBC,7.35,3.8,10.7,1
WBC,5.57,3.8,10.7,1
WBC,5.51,3.8,10.7,1
WBC,10.5,3.8,10.7,1
WBC,7.18,3.8,10.7,1
WBC,4.87,3.8,10.7,1
WBC,6.22,3.8,10.7,1
WBC,7.53,3.8,10.7,1
WBC,5.07,3.8,10.7,1
WBC,4.97,3.8,10.7,1
WBC,6.95,3.8,10.7,1
WBC,11.58,3.8,10.7,1
WBC,6.91,3.8,10.7,1
WBC,6.95,3.8,10.7,1
WBC,8.11,3.8,10.7,1
WBC,7.86,3.8,10.7,1
WBC,9.65,3.8,10.7,1
WBC,10.83,3.8,10.7,1
WBC,7.41,3.8,10.7,1
WBC,7.24,3.8,10.7,1
WBC,5.55,3.8,10.7,1
WBC,5.19,3.8,10.7,1
WBC,11.67,3.8,10.7,1
WBC,8.58,3.8,10.7,1
WBC,5.16,3.8,10.7,1
WBC,6.13,3.8,10.7,1
WBC,6.21,3.8,10.7,1
WBC,6.04,3.8,10.7,1
WBC,6.52,3.8,10.7,1
WBC,6.18,3.8,10.7,1
WBC,4.61,3.8,10.7,1
WBC,8.32,3.8,10.7,1
WBC,6.35,3.8,10.7,1
WBC,9.91,3.8,10.7,1
WBC,10.81,3.8,10.7,1
WBC,4.61,3.8,10.7,1
WBC,6.18,3.8,10.7,1
WBC,6.03,3.8,10.7,1
WBC,10.7,3.8,10.7,1
WBC,8.53,3.8,10.7,1
WBC,6.07,3.8,10.7,1
WBC,7.71,3.8,10.7,1
WBC,6.75,3.8,10.7,1
WBC,5.82,3.8,10.7,1
WBC,6.97,3.8,10.7,1
WBC,6.03,3.8,10.7,1
WBC,5.87,3.8,10.7,1
WBC,4.7,3.8,10.7,1
WBC,6.97,3.8,10.7,1
WBC,4.71,3.8,10.7,1
WBC,6.33,3.8,10.7,1
WBC,7.41,3.8,10.7,1
WBC,6.95,3.8,10.7,1
WBC,4.19,3.8,10.7,1
WBC,7.86,3.8,10.7,1
WBC,3.6,3.8,10.7,1
WBC,11.28,3.8,10.7,1
WBC,4.07,3.8,10.7,1
WBC,8.6,3.8,10.7,1
WBC,6.74,3.8,10.7,1
WBC,6.63,3.8,10.7,1
WBC,7.85,3.8,10.7,1
WBC,7.18,3.8,10.7,1
WBC,5.28,3.8,10.7,1
WBC,9.23,3.8,10.7,1
WBC,8.46,3.8,10.7,1
WBC,5.45,3.8,10.7,1
WBC,11.93,3.8,10.7,1
WBC,9.89,3.8,10.7,1
WBC,8.96,3.8,10.7,1
WBC,8.25,3.8,10.7,1
WBC,7.61,3.8,10.7,1
WBC,10.91,3.8,10.7,1
WBC,8.9,3.8,10.7,1
WBC,6.96,3.8,10.7,1
WBC,7.03,3.8,10.7,1
WBC,14.2,3.8,10.7,1
WBC,4.47,3.8,10.7,1
WBC,7.76,3.8,10.7,1
WBC,8.61,3.8,10.7,1
WBC,8.87,3.8,10.7,1
WBC,6.42,3.8,10.7,1
WBC,9.57,3.8,10.7,1
WBC,7.4,3.8,10.7,1
WBC,10.28,3.8,10.7,1
WBC,4.89,3.8,10.7,1
WBC,6.03,3.8,10.7,1
WBC,7.33,3.8,10.7,1
WBC,7.08,3.8,10.7,1
WBC,4.34,3.8,10.7,1
WBC,7.18,3.8,10.7,1
WBC,5.21,3.8,10.7,1
WBC,8.19,3.8,10.7,1
WBC,8.25,3.8,10.7,1
WBC,10.5,3.8,10.7,1
WBC,9.61,3.8,10.7,1
WBC,6.25,3.8,10.7,1
WBC,8.9,3.8,10.7,1
WBC,7.11,3.8,10.7,1
WBC,7.41,3.8,10.7,1
WBC,7.11,3.8,10.7,1
WBC,5.43,3.8,10.7,1
WBC,10.1,3.8,10.7,1
WBC,8.2,3.8,10.7,1
WBC,7.75,3.8,10.7,1
WBC,4.5,3.8,10.7,1
WBC,7.56,3.8,10.7,1
WBC,16.53,3.8,10.7,1
WBC,5.83,3.8,10.7,1
WBC,9.53,3.8,10.7,1
WBC,7.97,3.8,10.7,1
WBC,6.91,3.8,10.7,1
WBC,3.92,3.8,10.7,1
WBC,7.41,3.8,10.7,1
WBC,5.54,3.8,10.7,1
WBC,8.03,3.8,10.7,1
WBC,6.28,3.8,10.7,1
WBC,6.5,3.8,10.7,1
WBC,6.71,3.8,10.7,1
WBC,6.29,3.8,10.7,1
WBC,9.4,3.8,10.7,1
WBC,8.6,3.8,10.7,1
WBC,5.7,3.8,10.7,1
WBC,5.78,3.8,10.7,1
WBC,10.53,3.8,10.7,1
WBC,5.72,3.8,10.7,1
WBC,10.26,3.8,10.7,1
WBC,12.23,3.8,10.7,1
WBC,5.39,3.8,10.7,1
WBC,5.63,3.8,10.7,1
WBC,6.38,3.8,10.7,1
WBC,6.6,3.8,10.7,1
WBC,5.58,3.8,10.7,1
WBC,6.12,3.8,10.7,1
WBC,6.9,3.8,10.7,1
WBC,10.93,3.8,10.7,1
WBC,7.94,3.8,10.7,2
WBC,8.95,3.8,10.7,2
WBC,5.59,3.8,10.7,2
WBC,7.07,3.8,10.7,2
WBC,6.27,3.8,10.7,2
WBC,6.54,3.8,10.7,2
WBC,7.59,3.8,10.7,2
WBC,9.89,3.8,10.7,2
WBC,6.9,3.8,10.7,2
WBC,6.52,3.8,10.7,2
WBC,7.19,3.8,10.7,2
WBC,8.32,3.8,10.7,2
WBC,9.41,3.8,10.7,2
WBC,7.82,3.8,10.7,2
WBC,6.16,3.8,10.7,2
WBC,5.96,3.8,10.7,2
WBC,4.68,3.8,10.7,2
WBC,6.93,3.8,10.7,2
WBC,7.21,3.8,10.7,2
WBC,4.71,3.8,10.7,2
WBC,8.26,3.8,10.7,2
WBC,7.43,3.8,10.7,2
WBC,10.89,3.8,10.7,2
WBC,9,3.8,10.7,2
WBC,9.14,3.8,10.7,2
WBC,7.09,3.8,10.7,2
WBC,4.48,3.8,10.7,2
WBC,6.16,3.8,10.7,2
WBC,6.66,3.8,10.7,2
WBC,7.78,3.8,10.7,2
WBC,7.23,3.8,10.7,2
WBC,7.69,3.8,10.7,2
WBC,6,3.8,10.7,2
WBC,11.11,3.8,10.7,2
WBC,5.36,3.8,10.7,2
WBC,8.52,3.8,10.7,2
WBC,8.43,3.8,10.7,2
WBC,4.78,3.8,10.7,2
WBC,7.35,3.8,10.7,2
WBC,6.03,3.8,10.7,2
WBC,6.63,3.8,10.7,2
WBC,4.16,3.8,10.7,2
WBC,8.62,3.8,10.7,2
WBC,3.69,3.8,10.7,2
WBC,7.47,3.8,10.7,2
WBC,4.84,3.8,10.7,2
WBC,6.25,3.8,10.7,2
WBC,10.42,3.8,10.7,2
WBC,10.98,3.8,10.7,2
WBC,5.01,3.8,10.7,2
WBC,5.21,3.8,10.7,2
WBC,8.22,3.8,10.7,2
WBC,4.04,3.8,10.7,2
WBC,4.26,3.8,10.7,2
WBC,8.23,3.8,10.7,2
WBC,6.2,3.8,10.7,2
WBC,5.92,3.8,10.7,2
WBC,6.62,3.8,10.7,2
WBC,6.27,3.8,10.7,2
WBC,6.38,3.8,10.7,2
WBC,8.53,3.8,10.7,2
WBC,6.62,3.8,10.7,2
WBC,7.37,3.8,10.7,2
WBC,6.98,3.8,10.7,2
WBC,5.2,3.8,10.7,2
WBC,6.15,3.8,10.7,2
WBC,6.76,3.8,10.7,2
WBC,6.55,3.8,10.7,2
WBC,7.24,3.8,10.7,2
WBC,9,3.8,10.7,2
WBC,7.26,3.8,10.7,2
WBC,6.02,3.8,10.7,2
WBC,6.87,3.8,10.7,2
WBC,4.62,3.8,10.7,2
WBC,3.13,3.8,10.7,2
WBC,7.59,3.8,10.7,2
WBC,9.47,3.8,10.7,2
WBC,7,3.8,10.7,2
WBC,5.65,3.8,10.7,2
WBC,6.5,3.8,10.7,2
WBC,7.53,3.8,10.7,2
WBC,7.03,3.8,10.7,2
WBC,10.12,3.8,10.7,2
WBC,8.11,3.8,10.7,2
WBC,6.45,3.8,10.7,2
WBC,3.18,3.8,10.7,2
WBC,5.96,3.8,10.7,2
WBC,5.51,3.8,10.7,2
WBC,8.25,3.8,10.7,2
WBC,5.62,3.8,10.7,2
WBC,5.36,3.8,10.7,2
WBC,11.04,3.8,10.7,2
WBC,3.42,3.8,10.7,2
WBC,8.59,3.8,10.7,2
WBC,6.69,3.8,10.7,2
WBC,6.99,3.8,10.7,2
WBC,10.68,3.8,10.7,2
WBC,7.07,3.8,10.7,2
WBC,8.15,3.8,10.7,2
WBC,8.51,3.8,10.7,2
WBC,6.65,3.8,10.7,2
WBC,8.12,3.8,10.7,2
WBC,7.59,3.8,10.7,2
WBC,5.67,3.8,10.7,2
WBC,7.01,3.8,10.7,2
WBC,8.44,3.8,10.7,2
WBC,8.49,3.8,10.7,2
WBC,6.35,3.8,10.7,2
WBC,7.8,3.8,10.7,2
WBC,8.73,3.8,10.7,2
WBC,6.73,3.8,10.7,2
WBC,8.85,3.8,10.7,2
WBC,6.37,3.8,10.7,2
WBC,6.8,3.8,10.7,2
WBC,6.05,3.8,10.7,2
WBC,11.2,3.8,10.7,2
WBC,8.42,3.8,10.7,2
WBC,5.91,3.8,10.7,2
WBC,6.07,3.8,10.7,2
WBC,10.62,3.8,10.7,2
WBC,8.8,3.8,10.7,2
WBC,9.74,3.8,10.7,2
WBC,6.38,3.8,10.7,2
WBC,6.74,3.8,10.7,2
WBC,4.74,3.8,10.7,2
WBC,5.35,3.8,10.7,2
WBC,6.45,3.8,10.7,2
WBC,6.3,3.8,10.7,2
WBC,8.38,3.8,10.7,2
WBC,7.45,3.8,10.7,2
WBC,7.15,3.8,10.7,2
WBC,8.37,3.8,10.7,2
WBC,8.27,3.8,10.7,2
WBC,7.41,3.8,10.7,2
WBC,6.33,3.8,10.7,2
WBC,4.52,3.8,10.7,2
WBC,5.47,3.8,10.7,2
WBC,7.32,3.8,10.7,2
WBC,9.94,3.8,10.7,2
WBC,6.88,3.8,10.7,2
WBC,6.9,3.8,10.7,2
WBC,8.83,3.8,10.7,2
WBC,9.31,3.8,10.7,2
WBC,11.01,3.8,10.7,2
WBC,10.03,3.8,10.7,2
WBC,9.17,3.8,10.7,2
WBC,9.92,3.8,10.7,2
WBC,7.33,3.8,10.7,3
WBC,6.21,3.8,10.7,3
WBC,5.66,3.8,10.7,3
WBC,7.45,3.8,10.7,4
WBC,9.12,3.8,10.7,4
WBC,3.93,3.8,10.7,4
WBC,4.83,3.8,10.7,4
WBC,10.01,3.8,10.7,4
WBC,5.82,3.8,10.7,4
WBC,6.04,3.8,10.7,4
WBC,5.49,3.8,10.7,4
WBC,4.42,3.8,10.7,4
WBC,4.15,3.8,10.7,4
WBC,6.66,3.8,10.7,4
WBC,10.3,3.8,10.7,4
WBC,5.7,3.8,10.7,4
WBC,7.88,3.8,10.7,4
WBC,8.25,3.8,10.7,4
WBC,6.75,3.8,10.7,4
WBC,6.88,3.8,10.7,4
WBC,4.96,3.8,10.7,4
WBC,5.9,3.8,10.7,4
WBC,5.83,3.8,10.7,4
WBC,8.01,3.8,10.7,4
WBC,7.62,3.8,10.7,4
WBC,7.9,3.8,10.7,4
WBC,5.21,3.8,10.7,4
WBC,5.77,3.8,10.7,4
WBC,5.05,3.8,10.7,4
WBC,7.78,3.8,10.7,4
WBC,5.89,3.8,10.7,4
WBC,7.6,3.8,10.7,4
WBC,8.59,3.8,10.7,4
WBC,9.5,3.8,10.7,4
WBC,7.72,3.8,10.7,4
WBC,4.99,3.8,10.7,4
WBC,4.61,3.8,10.7,4
WBC,8.66,3.8,10.7,4
WBC,9.18,3.8,10.7,4
WBC,5.42,3.8,10.7,4
WBC,5.93,3.8,10.7,4
WBC,6.86,3.8,10.7,4
WBC,6.15,3.8,10.7,4
WBC,6.83,3.8,10.7,4
WBC,6.73,3.8,10.7,4
WBC,7.61,3.8,10.7,4
WBC,6.75,3.8,10.7,4
WBC,12.59,3.8,10.7,4
WBC,5.07,3.8,10.7,4
WBC,5.4,3.8,10.7,4
WBC,6.91,3.8,10.7,4
WBC,5.66,3.8,10.7,4
WBC,8.07,3.8,10.7,4
WBC,8.18,3.8,10.7,4
WBC,6.53,3.8,10.7,4
WBC,7.07,3.8,10.7,4
WBC,7.93,3.8,10.7,4
WBC,7.96,3.8,10.7,4
WBC,6.04,3.8,10.7,4
WBC,10.63,3.8,10.7,4
WBC,8.33,3.8,10.7,4
WBC,7.14,3.8,10.7,4
WBC,6.53,3.8,10.7,4
WBC,10.24,3.8,10.7,4
WBC,7.28,3.8,10.7,4
WBC,6.92,3.8,10.7,4
WBC,6.44,3.8,10.7,4
WBC,6.07,3.8,10.7,4
WBC,5.05,3.8,10.7,4
WBC,4.99,3.8,10.7,4
WBC,6.75,3.8,10.7,4
WBC,8.55,3.8,10.7,4
WBC,6.04,3.8,10.7,4
WBC,11.92,3.8,10.7,4
WBC,6.61,3.8,10.7,4
WBC,6.2,3.8,10.7,4
WBC,8.56,3.8,10.7,4
WBC,8.05,3.8,10.7,4
WBC,6.71,3.8,10.7,4
WBC,11.56,3.8,10.7,4
WBC,9.27,3.8,10.7,4
WBC,9.66,3.8,10.7,4
WBC,7.51,3.8,10.7,4
WBC,7.27,3.8,10.7,4
WBC,3.35,3.8,10.7,4
WBC,10.21,3.8,10.7,4
WBC,9.38,3.8,10.7,4
WBC,7.28,3.8,10.7,4
WBC,7.64,3.8,10.7,4
WBC,7.69,3.8,10.7,4
WBC,8.19,3.8,10.7,4
WBC,5.78,3.8,10.7,4
WBC,6.15,3.8,10.7,4
WBC,12.09,3.8,10.7,4
WBC,6.99,3.8,10.7,4
WBC,6.1,3.8,10.7,4
WBC,6.54,3.8,10.7,4
WBC,3.66,3.8,10.7,4
WBC,4.03,3.8,10.7,4
WBC,7.17,3.8,10.7,4
WBC,5.01,3.8,10.7,4
WBC,5.68,3.8,10.7,4
WBC,3.6,3.8,10.7,4
WBC,4.66,3.8,10.7,4
WBC,6.42,3.8,10.7,4
WBC,5.96,3.8,10.7,4
WBC,5.65,3.8,10.7,4
WBC,8.45,3.8,10.7,4
WBC,5.95,3.8,10.7,4
WBC,8.01,3.8,10.7,4
WBC,6.38,3.8,10.7,4
WBC,8.54,3.8,10.7,4
WBC,7.2,3.8,10.7,4
WBC,12.92,3.8,10.7,4
WBC,6.78,3.8,10.7,4
WBC,8.25,3.8,10.7,4
WBC,5.1,3.8,10.7,4
WBC,14.36,3.8,10.7,4
WBC,3.14,3.8,10.7,4
WBC,8.81,3.8,10.7,4
WBC,10.87,3.8,10.7,4
WBC,7.72,3.8,10.7,4
WBC,8.66,3.8,10.7,4
WBC,8.62,3.8,10.7,4
WBC,8.4,3.8,10.7,4
WBC,4.42,3.8,10.7,4
WBC,6.87,3.8,10.7,4
WBC,5.92,3.8,10.7,4
WBC,6.6,3.8,10.7,4
WBC,7.1,3.8,10.7,4
WBC,7.52,3.8,10.7,4
WBC,8.51,3.8,10.7,4
WBC,5.06,3.8,10.7,4
WBC,5.42,3.8,10.7,4
WBC,8.15,3.8,10.7,4
WBC,6.47,3.8,10.7,4
WBC,8.57,3.8,10.7,5
WBC,7.19,3.8,10.7,6
WBC,8.31,3.8,10.7,6
WBC,8.68,3.8,10.7,6
WBC,10.76,3.8,10.7,6
WBC,9.34,3.8,10.7,6
WBC,5.74,3.8,10.7,6
WBC,8.96,3.8,10.7,6
WBC,6.72,3.8,10.7,6
WBC,7.69,3.8,10.7,6
WBC,5.2,3.8,10.7,6
WBC,7.53,3.8,10.7,6
WBC,6.82,3.8,10.7,6
WBC,8.22,3.8,10.7,6
WBC,6.06,3.8,10.7,6
WBC,5.53,3.8,10.7,6
WBC,6.11,3.8,10.7,6
WBC,6.46,3.8,10.7,6
WBC,3.73,3.8,10.7,6
WBC,8.06,3.8,10.7,6
WBC,8.14,3.8,10.7,6
WBC,5.56,3.8,10.7,6
WBC,10.18,3.8,10.7,6
WBC,5.33,3.8,10.7,6
WBC,7.58,3.8,10.7,6
WBC,8.75,3.8,10.7,6
WBC,7.64,3.8,10.7,6
WBC,13.3,3.8,10.7,6
WBC,7.99,3.8,10.7,6
WBC,4.75,3.8,10.7,6
WBC,7.8,3.8,10.7,6
WBC,3.78,3.8,10.7,6
WBC,7.6,3.8,10.7,6
WBC,7.78,3.8,10.7,6
WBC,7.41,3.8,10.7,6
WBC,7.58,3.8,10.7,6
WBC,5.8,3.8,10.7,6
WBC,7.82,3.8,10.7,6
WBC,6.63,3.8,10.7,6
WBC,8.23,3.8,10.7,6
WBC,3.81,3.8,10.7,6
WBC,8.71,3.8,10.7,6
WBC,6.61,3.8,10.7,6
WBC,6.59,3.8,10.7,6
WBC,6.26,3.8,10.7,6
WBC,8.46,3.8,10.7,6
WBC,5.27,3.8,10.7,6
WBC,6.83,3.8,10.7,6
WBC,9.41,3.8,10.7,6
WBC,4.59,3.8,10.7,6
WBC,6.43,3.8,10.7,6
WBC,11.28,3.8,10.7,6
WBC,7.11,3.8,10.7,6
WBC,7.61,3.8,10.7,6
WBC,5.59,3.8,10.7,6
WBC,9.29,3.8,10.7,6
WBC,7.32,3.8,10.7,6
WBC,5.41,3.8,10.7,6
WBC,5.57,3.8,10.7,6
WBC,10.9,3.8,10.7,6
WBC,6.15,3.8,10.7,6
WBC,7.57,3.8,10.7,6
WBC,5.94,3.8,10.7,6
WBC,4.78,3.8,10.7,6
WBC,5.14,3.8,10.7,6
WBC,7.07,3.8,10.7,6
WBC,12.51,3.8,10.7,6
WBC,6.76,3.8,10.7,6
WBC,8.16,3.8,10.7,6
WBC,8.67,3.8,10.7,6
WBC,10.68,3.8,10.7,6
WBC,6.33,3.8,10.7,6
WBC,14.42,3.8,10.7,6
WBC,7.97,3.8,10.7,6
WBC,8.8,3.8,10.7,6
WBC,4.19,3.8,10.7,6
WBC,5.27,3.8,10.7,6
WBC,10.82,3.8,10.7,6
WBC,7.16,3.8,10.7,6
WBC,7.89,3.8,10.7,6
WBC,5.65,3.8,10.7,6
WBC,6.16,3.8,10.7,6
WBC,6.7,3.8,10.7,6
WBC,4.88,3.8,10.7,6
WBC,6.22,3.8,10.7,6
WBC,9.24,3.8,10.7,6
WBC,6.6,3.8,10.7,6
WBC,11.37,3.8,10.7,6
WBC,7.05,3.8,10.7,6
WBC,6.73,3.8,10.7,6
WBC,14.32,3.8,10.7,6
WBC,6.36,3.8,10.7,6
WBC,5.54,3.8,10.7,6
WBC,5.43,3.8,10.7,6
WBC,6.99,3.8,10.7,6
WBC,6.05,3.8,10.7,6
WBC,7.82,3.8,10.7,6
WBC,4.62,3.8,10.7,6
WBC,6.69,3.8,10.7,6
WBC,6.23,3.8,10.7,6
WBC,6.19,3.8,10.7,6
WBC,8.68,3.8,10.7,6
WBC,8.78,3.8,10.7,6
WBC,7.56,3.8,10.7,6
WBC,9.12,3.8,10.7,6
WBC,7.84,3.8,10.7,6
WBC,7.54,3.8,10.7,6
WBC,8.31,3.8,10.7,6
WBC,4.05,3.8,10.7,6
WBC,4.3,3.8,10.7,6
WBC,6.38,3.8,10.7,6
WBC,3.99,3.8,10.7,6
WBC,8.04,3.8,10.7,6
WBC,10.37,3.8,10.7,6
WBC,6.12,3.8,10.7,6
WBC,6.49,3.8,10.7,6
WBC,6.81,3.8,10.7,6
WBC,5.68,3.8,10.7,6
WBC,5.8,3.8,10.7,6
WBC,6.41,3.8,10.7,6
WBC,12.76,3.8,10.7,6
WBC,5.33,3.8,10.7,6
